<?xml version="1.0" encoding="UTF-8"?>
<project-private xmlns="http://www.netbeans.org/ns/project-private/1">
    <editor-bookmarks xmlns="http://www.netbeans.org/ns/editor-bookmarks/2" lastBookmarkId="0"/>
    <open-files xmlns="http://www.netbeans.org/ns/projectui-open-files/2">
        <group>
            <file>file:/C:/Program%20Files/NetBeans-12.0/NetBeansProjects/LinkedList/src/Comparable/Student.java</file>
            <file>file:/C:/Program%20Files/NetBeans-12.0/NetBeansProjects/LinkedList/src/Comparable/TestComparable.java</file>
            <file>file:/C:/Program%20Files/NetBeans-12.0/NetBeansProjects/LinkedList/src/Comparator/SortById.java</file>
            <file>file:/C:/Program%20Files/NetBeans-12.0/NetBeansProjects/LinkedList/src/Comparator/TestComparator.java</file>
        </group>
    </open-files>
</project-private>
